id;attachment_type;file_name;file_path;file_type;file_size;checksum;uploaded_date;file;file_content_type;transcript;duration_seconds;language;deleted;updated_date;deleted_date;ticket_id;uploaded_by_id
1;AUDIO;whenever natural those;wasabi slap;however cleaner ha;26102;whereas;2026-08-17T16:57:05;../fake-data/blob/hipster.png;image/png;../fake-data/blob/hipster.txt;27807;ah insist ;false;2026-08-17T16:31:09;2026-08-17T13:30:41;1;1
2;VIDEO;gladly;sizzling though;next abnegate provided;1705;minus unnecessarily regularly;2026-08-17T21:11:10;../fake-data/blob/hipster.png;image/png;../fake-data/blob/hipster.txt;721;kettledrum;true;2026-08-17T11:04:14;2026-08-17T16:17:36;2;2
3;AUDIO;while apt season;ugh;which daily now;31796;elevation stay;2026-08-18T01:34:22;../fake-data/blob/hipster.png;image/png;../fake-data/blob/hipster.txt;28968;immediatel;true;2026-08-18T02:27:37;2026-08-18T00:45:19;3;1
4;COMPLETION_REPORT;boo;while zowie celsius;talkative;12323;clamor bruised detective;2026-08-17T10:17:46;../fake-data/blob/hipster.png;image/png;../fake-data/blob/hipster.txt;22732;simple gra;false;2026-08-17T16:15:07;2026-08-18T01:53:50;4;1
5;IMAGE;generally usually inspection;but misfire kettledrum;essay passionate;27894;as sympathetically misjudge;2026-08-18T02:08:44;../fake-data/blob/hipster.png;image/png;../fake-data/blob/hipster.txt;31285;bob;false;2026-08-17T14:01:35;2026-08-17T19:40:53;5;2
6;VIDEO;ugh bonnet into;among miskey sympathetically;longboat;25428;worthy or hassle;2026-08-17T13:14:33;../fake-data/blob/hipster.png;image/png;../fake-data/blob/hipster.txt;3059;mindless;false;2026-08-17T20:43:58;2026-08-18T02:58:06;6;2
7;CONTRACTOR_UPDATE;whenever;pause injunction;gee;14927;alongside celsius;2026-08-17T13:31:02;../fake-data/blob/hipster.png;image/png;../fake-data/blob/hipster.txt;17557;gah;false;2026-08-18T01:46:02;2026-08-17T23:22:50;7;1
8;PDF;pish sympathetically upbeat;likewise oh singing;adventurously psst oof;21608;unit funny;2026-08-18T09:43:36;../fake-data/blob/hipster.png;image/png;../fake-data/blob/hipster.txt;6928;defrag;false;2026-08-18T10:01:42;2026-08-18T07:25:52;8;1
9;VIDEO;what openly;beret woot;geez;8631;boo;2026-08-17T11:29:57;../fake-data/blob/hipster.png;image/png;../fake-data/blob/hipster.txt;31436;unnecessar;false;2026-08-18T09:05:57;2026-08-18T02:00:11;9;2
10;CONTRACTOR_UPDATE;instead plugin;makeover;trained;6656;zowie alongside;2026-08-18T05:04:50;../fake-data/blob/hipster.png;image/png;../fake-data/blob/hipster.txt;19575;poorly hel;true;2026-08-18T05:31:52;2026-08-17T18:01:04;10;1
11;AUDIO;almighty after;frantically;excluding quarterly;27594;for genuine during;2026-08-17T20:13:32;../fake-data/blob/hipster.png;image/png;../fake-data/blob/hipster.txt;12102;gadzooks b;false;2026-08-17T20:01:01;2026-08-17T13:34:24;11;1
12;IMAGE;thoroughly finally;meanwhile stale;mysteriously effector plus;2574;solace furthermore eternity;2026-08-17T22:11:37;../fake-data/blob/hipster.png;image/png;../fake-data/blob/hipster.txt;22883;boo defend;true;2026-08-18T00:58:26;2026-08-18T08:56:26;12;1
13;AUDIO;yippee equate woot;till stable recovery;ew ugh overplay;1876;inside;2026-08-17T21:16:16;../fake-data/blob/hipster.png;image/png;../fake-data/blob/hipster.txt;6021;what;false;2026-08-17T20:22:05;2026-08-17T10:58:19;13;2
14;CONTRACTOR_UPDATE;boo;sentimental;gadzooks sans;17721;gleefully via;2026-08-17T23:23:04;../fake-data/blob/hipster.png;image/png;../fake-data/blob/hipster.txt;30341;infinite w;false;2026-08-17T18:18:55;2026-08-17T11:05:50;14;1
15;CONTRACTOR_UPDATE;inasmuch;for classic;fog psst now;27804;continually surprise;2026-08-18T03:04:51;../fake-data/blob/hipster.png;image/png;../fake-data/blob/hipster.txt;4522;er vastly ;true;2026-08-18T02:08:34;2026-08-17T23:42:24;15;1
16;CONTRACTOR_UPDATE;anenst ugh vaguely;as rue;voluminous slather cycle;3778;deduction;2026-08-18T00:55:18;../fake-data/blob/hipster.png;image/png;../fake-data/blob/hipster.txt;8190;superb ext;true;2026-08-18T00:47:40;2026-08-17T22:53:01;16;1
17;DOCUMENT;of supposing;now red across;whoever obediently;26128;damaged;2026-08-17T19:32:44;../fake-data/blob/hipster.png;image/png;../fake-data/blob/hipster.txt;2682;vice antiq;true;2026-08-17T17:53:16;2026-08-17T11:59:52;17;1
18;VIDEO;weird what equally;which;which phooey;22273;thankfully;2026-08-17T12:42:10;../fake-data/blob/hipster.png;image/png;../fake-data/blob/hipster.txt;21891;never brig;true;2026-08-17T10:38:26;2026-08-17T15:02:26;18;2
19;DOCUMENT;hygienic around;anenst annually;inquisitively;8410;under knowingly;2026-08-18T02:27:48;../fake-data/blob/hipster.png;image/png;../fake-data/blob/hipster.txt;20790;with ill-f;false;2026-08-18T05:51:24;2026-08-17T20:44:59;19;2
20;CONTRACTOR_UPDATE;kiss;develop ha;unless ick hmph;16293;uh-huh make yum;2026-08-17T18:53:27;../fake-data/blob/hipster.png;image/png;../fake-data/blob/hipster.txt;12602;above;false;2026-08-17T22:39:04;2026-08-17T22:02:07;20;2
21;COMPLETION_REPORT;from vice;restructure wisely beyond;brief medium;1714;incidentally rebound;2026-08-17T12:31:35;../fake-data/blob/hipster.png;image/png;../fake-data/blob/hipster.txt;14265;around col;true;2026-08-17T19:23:47;2026-08-18T02:19:32;21;1
22;VIDEO;whereas;private reluctantly;loftily;6917;eke;2026-08-18T05:41:15;../fake-data/blob/hipster.png;image/png;../fake-data/blob/hipster.txt;18095;how creato;false;2026-08-17T22:17:09;2026-08-17T16:01:09;22;2
23;DOCUMENT;daily;uh-huh congregate whenever;joyously fumigate doubtfully;15421;harmful hm;2026-08-18T04:47:34;../fake-data/blob/hipster.png;image/png;../fake-data/blob/hipster.txt;32120;overload;false;2026-08-17T18:22:36;2026-08-17T19:27:36;23;2
24;PDF;fatherly jaggedly aw;free growing;finally;30908;excluding because drat;2026-08-18T09:06:33;../fake-data/blob/hipster.png;image/png;../fake-data/blob/hipster.txt;21143;faithfully;true;2026-08-17T11:03:00;2026-08-18T06:23:25;24;1
25;AUDIO;rudely yet gracefully;uh-huh if whether;same truly supposing;12272;pomelo knowingly variable;2026-08-17T23:59:13;../fake-data/blob/hipster.png;image/png;../fake-data/blob/hipster.txt;27848;meanwhile;false;2026-08-17T21:10:58;2026-08-17T15:45:35;25;2
26;DOCUMENT;quadruple;eek ack slight;seagull;30377;scar;2026-08-17T23:37:12;../fake-data/blob/hipster.png;image/png;../fake-data/blob/hipster.txt;31862;boohoo;false;2026-08-17T13:20:09;2026-08-17T23:44:55;26;2
27;DOCUMENT;scented neighboring;though how refine;rim;19660;swiftly;2026-08-17T23:53:18;../fake-data/blob/hipster.png;image/png;../fake-data/blob/hipster.txt;3338;oxidize;true;2026-08-17T11:21:07;2026-08-17T12:04:38;27;1
28;VIDEO;who;a celsius;brr;8125;extract horst;2026-08-18T05:31:02;../fake-data/blob/hipster.png;image/png;../fake-data/blob/hipster.txt;3806;courageous;true;2026-08-18T04:39:46;2026-08-17T18:32:33;28;2
29;AUDIO;accomplished but motivate;butter;trim off rebuke;758;seriously busily;2026-08-17T16:57:16;../fake-data/blob/hipster.png;image/png;../fake-data/blob/hipster.txt;9962;willfully ;true;2026-08-17T15:24:45;2026-08-18T10:00:57;29;2
30;AUDIO;despite wordy;however vaguely;off;7681;discontinue nimble;2026-08-17T10:23:42;../fake-data/blob/hipster.png;image/png;../fake-data/blob/hipster.txt;8563;even;true;2026-08-18T07:34:59;2026-08-18T01:14:22;30;1
