id;code;name;municipality;description
1;gaseous axe favorabl;broadly burgeon;since longboat;../fake-data/blob/hipster.txt
2;faithfully rowdy ins;sans;supposing pfft;../fake-data/blob/hipster.txt
3;woeful outrageous he;than generally sauerkraut;snoop;../fake-data/blob/hipster.txt
4;railway likewise;yuck;optimistically phooey;../fake-data/blob/hipster.txt
5;sew yum cricket;last;maintainer;../fake-data/blob/hipster.txt
6;tectonics quiet whis;baa dreary consequently;and boggle;../fake-data/blob/hipster.txt
7;geez;vibration legend;corrupt below;../fake-data/blob/hipster.txt
8;offensively;before indeed ew;quick testimonial;../fake-data/blob/hipster.txt
9;obediently;settle;modulo lest;../fake-data/blob/hipster.txt
10;because;and sell since;via gadzooks;../fake-data/blob/hipster.txt
11;true;since;worriedly atrium flame;../fake-data/blob/hipster.txt
12;indeed major;tackle;big;../fake-data/blob/hipster.txt
13;uselessly;nor nervously psst;upon subtract before;../fake-data/blob/hipster.txt
14;scarily upliftingly;rout alongside;bitterly;../fake-data/blob/hipster.txt
15;brr;earnest wing yuck;because pertinent;../fake-data/blob/hipster.txt
16;depart yowza relativ;considering owlishly throughout;row anenst before;../fake-data/blob/hipster.txt
17;jovially;usually;near;../fake-data/blob/hipster.txt
18;inasmuch;freight;tame apologise lest;../fake-data/blob/hipster.txt
19;riser;beneficial democratize failing;as;../fake-data/blob/hipster.txt
20;numeric fairly;captain yahoo;bogus come;../fake-data/blob/hipster.txt
21;shameful yet going;upon;as;../fake-data/blob/hipster.txt
22;zowie yowza surprisi;yet;times without gestate;../fake-data/blob/hipster.txt
23;floodlight wherever;gape yum;outside however foolish;../fake-data/blob/hipster.txt
24;unless;including;athwart amidst moist;../fake-data/blob/hipster.txt
25;bonnet noisily;hypothesise aha amidst;ew whether legislature;../fake-data/blob/hipster.txt
26;even reproachfully;cinch celebrated jaggedly;unbearably tuba;../fake-data/blob/hipster.txt
27;oof scratch flight;quickly;stuff;../fake-data/blob/hipster.txt
28;stingy yowza;monthly while;till sesame focused;../fake-data/blob/hipster.txt
29;actually eek;concrete considering velvety;indeed;../fake-data/blob/hipster.txt
30;eek boohoo yum;within acidly more;positively than pendant;../fake-data/blob/hipster.txt
